{"loss": [0.813372015953064, 0.5016641020774841, 0.30508241057395935, 0.26067885756492615, 0.26900455355644226, 0.2446335256099701, 0.22519882023334503, 0.1398027092218399, 0.15689949691295624, 0.13269919157028198, 0.0832604318857193, 0.1250011920928955, 0.09524659067392349, 0.10030597448348999, 0.08172407746315002, 0.10082744807004929, 0.0951031744480133, 0.07926854491233826, 0.0794641301035881, 0.04683028906583786, 0.02725917659699917, 0.027594441547989845, 0.044755127280950546, 0.03379548341035843, 0.03125444054603577, 0.05045616626739502, 0.033275868743658066, 0.038026366382837296, 0.03274279832839966, 0.04367632418870926], "val_loss": [0.5419638156890869, 0.50457364320755, 0.46953970193862915, 0.43950021266937256, 0.43453750014305115, 0.45301908254623413, 0.4214257299900055, 0.4363771677017212, 0.45007362961769104, 0.4568561613559723, 0.43299418687820435, 0.39819490909576416, 0.38517341017723083, 0.3753271996974945, 0.3690861463546753, 0.3806815445423126, 0.38751769065856934, 0.4197118282318115, 0.41854000091552734, 0.4114585518836975, 0.3588554859161377, 0.356079638004303, 0.3529784381389618, 0.349895715713501, 0.34683817625045776, 0.3435903787612915, 0.33917436003685, 0.3344723582267761, 0.32792115211486816, 0.32557639479637146], "accuracy": [0.5649717450141907, 0.8079096078872681, 0.8757061958312988, 0.8757061958312988, 0.909604549407959, 0.887005627155304, 0.9209039807319641, 0.9604519605636597, 0.9604519605636597, 0.9322034120559692, 0.9717513918876648, 0.9548022747039795, 0.9717513918876648, 0.9548022747039795, 0.9661017060279846, 0.9604519605636597, 0.9661017060279846, 0.9717513918876648, 0.9717513918876648, 0.994350254535675, 0.994350254535675, 0.994350254535675, 0.9887005686759949, 0.9887005686759949, 0.994350254535675, 0.9887005686759949, 0.994350254535675, 0.9830508232116699, 0.994350254535675, 0.994350254535675], "val_accuracy": [0.6842105388641357, 0.6315789222717285, 0.7631579041481018, 0.7894737124443054, 0.7368420958518982, 0.7368420958518982, 0.7631579041481018, 0.7631579041481018, 0.7631579041481018, 0.7631579041481018, 0.8157894611358643, 0.8157894611358643, 0.8157894611358643, 0.8421052694320679, 0.8421052694320679, 0.8421052694320679, 0.8421052694320679, 0.8421052694320679, 0.8421052694320679, 0.8421052694320679, 0.8421052694320679, 0.8684210777282715, 0.8684210777282715, 0.8684210777282715, 0.8684210777282715, 0.8947368264198303, 0.8947368264198303, 0.9210526347160339, 0.9210526347160339, 0.9210526347160339], "precision": [0.6823529601097107, 0.7936508059501648, 0.8771929740905762, 0.9056603908538818, 0.918181836605072, 0.8928571343421936, 0.9272727370262146, 0.9719626307487488, 0.954954981803894, 0.9615384340286255, 0.9639639854431152, 0.9716981053352356, 0.9904761910438538, 0.9629629850387573, 0.9722222089767456, 0.9719626307487488, 0.9553571343421936, 0.9813084006309509, 0.9813084006309509, 0.9908257126808167, 0.9908257126808167, 0.9908257126808167, 0.9818181991577148, 0.9907407164573669, 1.0, 0.9907407164573669, 1.0, 0.9816513657569885, 0.9908257126808167, 0.9908257126808167], "val_precision": [0.6666666865348816, 0.6315789222717285, 0.7272727489471436, 0.75, 0.7058823704719543, 0.7058823704719543, 0.7272727489471436, 0.7272727489471436, 0.7272727489471436, 0.7272727489471436, 0.774193525314331, 0.774193525314331, 0.774193525314331, 0.800000011920929, 0.800000011920929, 0.800000011920929, 0.800000011920929, 0.800000011920929, 0.800000011920929, 0.800000011920929, 0.800000011920929, 0.8275862336158752, 0.8275862336158752, 0.8275862336158752, 0.8275862336158752, 0.8571428656578064, 0.8571428656578064, 0.8888888955116272, 0.8888888955116272, 0.8888888955116272], "recall": [0.5370370149612427, 0.9259259104728699, 0.9259259104728699, 0.8888888955116272, 0.9351851940155029, 0.9259259104728699, 0.9444444179534912, 0.9629629850387573, 0.9814814925193787, 0.9259259104728699, 0.9907407164573669, 0.9537037014961243, 0.9629629850387573, 0.9629629850387573, 0.9722222089767456, 0.9629629850387573, 0.9907407164573669, 0.9722222089767456, 0.9722222089767456, 1.0, 1.0, 1.0, 1.0, 0.9907407164573669, 0.9907407164573669, 0.9907407164573669, 0.9907407164573669, 0.9907407164573669, 1.0, 1.0], "val_recall": [1.0, 1.0, 1.0, 1.0, 1.0, 1.0, 1.0, 1.0, 1.0, 1.0, 1.0, 1.0, 1.0, 1.0, 1.0, 1.0, 1.0, 1.0, 1.0, 1.0, 1.0, 1.0, 1.0, 1.0, 1.0, 1.0, 1.0, 1.0, 1.0, 1.0]}